,svs,BAP1_Positive,BAP1_Focal,PBRM1_Positive,PBRM1_Focal,SETD2_Positive,SETD2_Focal,Number_Patches_Extracted
0,19749.svs,True,False,True,False,True,False,1200
1,19725.svs,True,False,False,False,True,False,451
2,19548.svs,True,False,True,False,False,False,1200
3,19470.svs,True,False,False,False,True,False,1200
4,19485.svs,True,False,False,True,True,False,1200
5,19367.svs,True,False,False,False,True,False,1200
6,20170.svs,True,False,False,True,True,False,1200
7,19298.svs,True,False,False,False,False,False,1200
8,18498.svs,True,False,False,True,True,False,1200
9,18503.svs,True,False,True,False,True,False,382
10,19424.svs,True,False,False,False,True,False,1200
11,18608.svs,True,False,True,False,False,False,1200
12,19372.svs,True,False,False,False,True,False,1200
13,18612.svs,True,False,True,False,True,False,1200
14,19766.svs,True,False,True,False,True,False,21
15,19518.svs,True,False,False,False,False,False,1200
16,19848.svs,True,False,False,False,True,False,1200
17,20233.svs,True,False,False,False,True,False,839
18,19311.svs,False,False,True,False,False,False,1200
19,18928.svs,True,False,True,False,True,False,1200
20,18653.svs,True,False,False,False,True,False,1200
21,18880.svs,True,False,False,False,False,False,1200
22,20278.svs,False,False,False,True,True,False,389
23,18531.svs,True,False,False,False,True,False,1200
24,19643.svs,True,False,False,False,False,False,1200
25,18603.svs,True,False,False,False,True,False,1200
26,19699.svs,True,False,False,False,True,False,1200
27,19400.svs,True,False,False,False,True,False,1200
28,19809.svs,True,False,True,False,True,False,868
29,19443.svs,True,False,False,False,False,True,1200
30,18927.svs,True,False,False,False,True,False,1200
31,19740.svs,True,False,False,False,True,False,1200
32,19069.svs,True,False,False,False,True,False,731
33,20325.svs,True,False,False,False,False,True,1200
34,18550.svs,True,False,True,False,True,False,984
35,19608.svs,True,False,False,False,False,True,708
36,18890.svs,True,False,True,False,True,False,1200
37,19224.svs,True,False,False,False,True,False,1137
38,19550.svs,True,False,True,False,False,False,1021
39,19507.svs,True,False,False,False,False,False,1200
40,19255.svs,False,False,False,False,False,False,1200
41,19852.svs,False,True,True,False,True,False,1200
42,19395.svs,True,False,False,False,False,False,1059
43,19479.svs,True,False,False,False,True,False,1200
44,18481.svs,True,False,True,False,True,False,1200
45,19402.svs,True,False,True,False,True,False,1200
46,19373.svs,True,False,True,False,True,False,1200
47,20286.svs,True,False,False,False,False,False,1200
48,19459.svs,True,False,True,False,True,False,1200
49,19630.svs,False,True,True,False,True,False,408
50,19220.svs,True,False,True,False,False,False,1200
51,18569.svs,True,False,True,False,False,False,1200
52,19228.svs,True,False,False,False,True,False,1200
53,20303.svs,True,False,True,False,True,False,1200
54,19696.svs,False,False,True,False,True,False,1200
55,19216.svs,True,False,False,False,True,False,1200
56,19475.svs,True,False,True,False,True,False,41
57,20197.svs,False,True,False,True,True,False,1200
58,19313.svs,True,False,False,True,True,False,1200
59,19868.svs,True,False,False,False,True,False,1200
60,19837.svs,False,False,True,False,True,False,41
61,19331.svs,True,False,True,False,True,False,1200
62,19426.svs,False,True,True,False,True,False,110
63,18943.svs,True,False,True,False,True,False,1200
64,19410.svs,True,False,True,False,True,False,726
65,19261.svs,True,False,True,False,True,False,526
66,19361.svs,True,False,True,False,True,False,1200
67,20298.svs,True,False,True,False,False,False,1200
68,19578.svs,True,False,False,False,False,False,950
69,18534.svs,True,False,False,False,True,False,1200
70,18718.svs,True,False,False,False,True,False,1200
71,19258.svs,True,False,False,False,False,False,1200
72,20179.svs,True,False,True,False,True,False,677
73,18514.svs,True,False,True,False,True,False,414
74,18497.svs,True,False,False,False,False,False,1200
75,19237.svs,False,False,True,False,True,False,904
76,19751.svs,True,False,True,False,True,False,1200
77,19293.svs,True,False,False,False,True,False,1200
78,18632.svs,True,False,False,False,True,False,766
79,18746.svs,True,False,True,False,False,False,1200
80,19230.svs,True,False,False,False,True,False,1200
81,19278.svs,False,False,True,False,True,False,1200
82,18645.svs,True,False,False,False,True,False,1200
83,19084.svs,False,False,True,False,True,False,1200
84,19807.svs,True,False,True,False,True,False,1200
85,19591.svs,True,False,False,False,False,True,1200
86,19235.svs,True,False,False,False,True,False,1200
87,18740.svs,True,False,True,False,False,False,1200
88,19689.svs,False,False,False,False,False,True,1200
89,20159.svs,True,False,True,False,True,False,843
90,19390.svs,False,True,False,False,False,True,1200
91,19858.svs,False,False,False,False,True,False,1200
92,20259.svs,True,False,True,False,True,False,1200
93,19824.svs,True,False,False,False,False,False,1200
94,18494.svs,True,False,True,False,True,False,1200
95,19810.svs,True,False,False,False,False,True,1200
96,19334.svs,True,False,False,False,True,False,1200
97,19404.svs,True,False,False,False,True,False,1200
98,19142.svs,True,False,False,False,False,True,1200
99,18563.svs,False,False,True,False,True,False,1200
100,18790.svs,True,False,False,False,True,False,1200
101,18794.svs,True,False,False,False,True,False,1200
102,19118.svs,True,False,True,False,True,False,507
103,19347.svs,True,False,False,False,False,True,1200
104,19186.svs,True,False,False,False,True,False,1200
105,19509.svs,True,False,False,False,True,False,192
106,18491.svs,True,False,False,False,True,False,1200
107,19287.svs,True,False,False,False,False,False,1112
108,20136.svs,True,False,True,False,True,False,1200
109,18898.svs,True,False,True,False,True,False,0
110,19280.svs,True,False,True,False,True,False,1200
111,19206.svs,True,False,True,False,True,False,57
112,19360.svs,True,False,False,False,True,False,1200
113,18744.svs,True,False,True,False,True,False,1200
114,19663.svs,True,False,False,False,False,False,1200
115,19191.svs,True,False,True,False,True,False,0
116,19825.svs,True,False,True,False,True,False,28
117,19687.svs,False,False,True,False,True,False,1200
118,19712.svs,True,False,True,False,False,False,1200
119,18547.svs,True,False,False,False,True,False,1200
120,20182.svs,True,False,False,False,True,False,1200
121,19707.svs,True,False,True,False,True,False,1200
122,19647.svs,True,False,True,False,True,False,1200
123,18892.svs,True,False,False,False,True,False,1200
124,18538.svs,True,False,True,False,False,True,1200
125,19519.svs,True,False,True,False,True,False,1200
126,18918.svs,True,False,True,False,True,False,1200
127,19673.svs,True,False,False,False,True,False,1200
128,19342.svs,True,False,False,False,False,False,1200
129,19419.svs,True,False,True,False,True,False,1200
130,18707.svs,True,False,False,False,False,False,1200
131,18700.svs,True,False,False,False,False,True,1200
132,18793.svs,True,False,True,False,True,False,1200
133,19620.svs,False,False,True,False,True,False,1200
134,19302.svs,True,False,True,False,True,False,1200
135,18763.svs,True,False,True,False,True,False,1200
136,19506.svs,True,False,True,False,False,True,395
137,19371.svs,True,False,False,False,False,False,1200
138,19121.svs,True,False,False,False,False,False,1200
139,18577.svs,True,False,False,False,False,False,314
140,19718.svs,True,False,False,False,False,False,1133
141,19622.svs,True,False,True,False,True,False,105
142,20188.svs,True,False,True,False,False,False,1200
143,19585.svs,True,False,True,False,True,False,1014
144,19397.svs,True,False,False,False,True,False,1200
145,18665.svs,True,False,True,False,False,True,208
146,19434.svs,True,False,True,False,True,False,586
147,18931.svs,False,False,True,False,False,True,1200
148,20326.svs,True,False,True,False,True,False,694
149,19503.svs,True,False,False,False,False,False,1200
150,19244.svs,True,False,False,False,False,True,1200
151,19571.svs,False,False,True,False,True,False,1200
152,18712.svs,True,False,False,False,False,False,1200
153,18876.svs,True,False,True,False,True,False,1200
154,19756.svs,True,False,False,False,True,False,289
155,19543.svs,True,False,True,False,True,False,1200
156,19170.svs,True,False,True,False,True,False,1200
157,19814.svs,True,False,True,False,True,False,1200
158,19125.svs,True,False,False,False,True,False,1200
159,19130.svs,True,False,True,False,True,False,7
160,19238.svs,True,False,True,False,False,False,1200
161,19198.svs,True,False,False,True,True,False,1200
162,19496.svs,True,False,False,False,True,False,1200
163,20219.svs,True,False,True,False,True,False,1200
164,19653.svs,True,False,False,False,True,False,1200
165,19076.svs,True,False,False,False,True,False,1200
166,19728.svs,True,False,False,True,True,False,1200
167,18897.svs,True,False,True,False,True,False,1200
168,19430.svs,True,False,False,False,False,True,1200
169,19120.svs,True,False,True,False,True,False,1200
170,18499.svs,False,False,False,False,True,False,1200
171,19251.svs,True,False,True,False,True,False,611
172,19691.svs,False,False,False,True,True,False,1200
173,19133.svs,True,False,False,False,True,False,1200
174,19808.svs,True,False,False,False,False,False,1200
175,20139.svs,True,False,True,False,False,False,1200
176,19836.svs,True,False,True,False,False,False,1200
177,19094.svs,True,False,False,False,True,False,1200
178,18874.svs,True,False,True,False,True,False,1200
179,18506.svs,True,False,False,False,True,False,1200
180,19289.svs,True,False,True,False,True,False,688
181,19679.svs,True,False,True,False,True,False,1200
182,18947.svs,True,False,True,False,True,False,20
183,19580.svs,False,False,True,False,True,False,550
184,19551.svs,True,False,False,False,True,False,1200
185,19686.svs,True,False,False,False,False,True,1200
186,19144.svs,True,False,False,False,True,False,282
187,19418.svs,True,False,False,False,True,False,1200
188,20292.svs,True,False,False,False,True,False,1200
189,19257.svs,True,False,False,False,False,True,1200
190,19168.svs,True,False,False,False,True,False,1200
191,19688.svs,True,False,True,False,False,True,1200
192,18743.svs,True,False,True,False,True,False,140
193,19460.svs,True,False,True,False,False,False,1200
194,19209.svs,True,False,False,False,True,False,1200
195,19175.svs,True,False,True,False,False,False,1200
196,19564.svs,False,False,True,False,False,False,1200
197,19646.svs,True,False,False,False,False,False,1200
198,19657.svs,True,False,False,False,True,False,1200
199,20144.svs,True,False,True,False,True,False,1200
200,18642.svs,True,False,True,False,True,False,1200
201,19379.svs,False,False,True,False,True,False,0
202,18598.svs,True,False,False,False,True,False,535
203,19105.svs,True,False,False,False,False,True,1200
204,19701.svs,True,False,False,False,True,False,1200
205,19223.svs,True,False,False,False,False,True,1200
206,18637.svs,True,False,False,False,False,False,1200
207,19240.svs,True,False,True,False,True,False,1200
208,19529.svs,True,False,False,False,False,False,1200
209,19554.svs,True,False,False,False,True,False,595
210,20142.svs,True,False,True,False,False,False,1200
211,19103.svs,True,False,True,False,True,False,234
212,19154.svs,True,False,False,False,True,False,1200
213,19758.svs,True,False,True,False,True,False,1200
214,18638.svs,False,False,True,False,False,False,1200
215,19827.svs,True,False,False,False,True,False,1200
216,19645.svs,True,False,False,False,True,False,1200
217,20324.svs,False,False,True,False,True,False,733
218,18731.svs,True,False,False,False,False,True,1200
219,19088.svs,True,False,True,False,True,False,1200
220,20157.svs,False,False,True,False,False,True,1200
221,20260.svs,True,False,False,False,True,False,1200
222,18659.svs,True,False,True,False,True,False,357
223,20282.svs,True,False,True,False,False,False,1200
224,19456.svs,True,False,True,False,True,False,1076
225,18878.svs,True,False,False,True,True,False,1200
226,19672.svs,True,False,True,False,True,False,799
227,18596.svs,True,False,True,False,True,False,401
228,18558.svs,True,False,False,False,True,False,1082
229,18604.svs,True,False,False,False,True,False,1200
230,18759.svs,True,False,True,False,True,False,1102
231,20234.svs,True,False,True,False,True,False,1200
232,19708.svs,True,False,False,False,True,False,1200
233,18666.svs,True,False,True,False,True,False,1200
234,19697.svs,True,False,False,False,True,False,1200
235,19362.svs,True,False,True,False,True,False,580
236,19115.svs,True,False,False,False,True,False,1200
237,19193.svs,True,False,True,False,False,True,1200
238,19122.svs,False,False,True,False,True,False,1200
239,19577.svs,True,False,True,False,False,False,1200
240,19214.svs,True,False,True,False,True,False,1200
241,19560.svs,True,False,False,False,False,False,1200
242,19073.svs,True,False,False,False,False,False,1200
243,19134.svs,True,False,False,False,True,False,1185
244,20211.svs,False,False,False,False,False,False,1100
245,20200.svs,True,False,True,False,True,False,1200
246,19159.svs,True,False,True,False,True,False,401
247,18758.svs,True,False,True,False,True,False,1200
248,19301.svs,True,False,True,False,True,False,1200
249,19472.svs,True,False,False,False,True,False,1200
250,18782.svs,True,False,False,False,True,False,170
251,19351.svs,True,False,False,False,True,False,1200
252,20155.svs,True,False,False,False,False,True,1200
253,19091.svs,True,False,False,False,False,False,1200
254,19131.svs,True,False,True,False,False,True,1200
255,19201.svs,True,False,False,False,True,False,1200
256,19182.svs,True,False,False,False,False,False,1200
257,19692.svs,True,False,True,False,False,False,15
258,19501.svs,True,False,True,False,True,False,1200
259,18911.svs,True,False,True,False,True,False,1200
260,18694.svs,True,False,False,False,False,True,1200
261,18607.svs,True,False,False,False,True,False,909
262,20239.svs,True,False,False,False,True,False,1039
263,18568.svs,True,False,True,False,True,False,1200
264,19204.svs,True,False,False,False,True,False,1200
265,20244.svs,False,False,True,False,False,False,1200
266,19521.svs,True,False,False,False,True,False,1200
267,19132.svs,True,False,False,False,True,False,1200
268,19210.svs,True,False,False,False,False,True,1200
269,20245.svs,True,False,False,False,True,False,575
270,18914.svs,True,False,False,False,True,False,1200
271,18776.svs,True,False,False,False,False,True,1200
272,19357.svs,True,False,False,True,True,False,1200
273,19126.svs,True,False,False,False,False,False,1200
274,18797.svs,True,False,True,False,True,False,1200
275,19476.svs,True,False,False,False,False,False,1200
276,18891.svs,True,False,True,False,True,False,278
277,19573.svs,True,False,True,False,True,False,1200
278,20321.svs,True,False,False,True,True,False,849
279,20135.svs,True,False,True,False,True,False,1200
280,19760.svs,True,False,False,False,True,False,1200
281,20187.svs,True,False,False,False,False,True,459
282,19598.svs,True,False,False,False,True,False,1200
283,19438.svs,True,False,True,False,False,False,1200
284,19594.svs,False,False,True,False,True,False,1200
285,18922.svs,True,False,True,False,True,False,1200
286,19411.svs,True,False,False,False,True,False,1101
287,18896.svs,False,False,False,False,True,False,1200
288,18476.svs,True,False,True,False,True,False,1200
289,19179.svs,True,False,False,False,True,False,1200
290,20230.svs,True,False,True,False,True,False,1200
291,19454.svs,True,False,False,False,True,False,1200
292,20217.svs,True,False,False,False,True,False,1200
293,19539.svs,True,False,True,False,True,False,1200
294,20235.svs,True,False,True,False,True,False,519
295,18512.svs,True,False,True,False,True,False,408
296,18708.svs,True,False,True,False,True,False,1200
297,19147.svs,True,False,False,True,True,False,1200
298,18652.svs,True,False,True,False,True,False,1200
299,19092.svs,False,False,True,False,False,False,1200
300,19533.svs,True,False,False,False,True,False,845
301,18643.svs,True,False,False,False,True,False,1200
302,19420.svs,True,False,True,False,True,False,1200
303,20147.svs,False,False,True,False,False,False,1200
304,18871.svs,True,False,True,False,True,False,1200
305,19234.svs,True,False,False,True,False,False,1200
306,20329.svs,True,False,False,False,False,False,993
307,20209.svs,True,False,False,False,True,False,1200
308,19409.svs,False,False,True,False,True,False,1200
309,18733.svs,True,False,True,False,False,True,1200
310,20194.svs,True,False,True,False,True,False,1200
311,18553.svs,True,False,False,False,True,False,1200
312,20308.svs,False,False,False,False,True,False,1200
313,19199.svs,True,False,True,False,True,False,1200
314,19346.svs,True,False,True,False,True,False,729
315,18542.svs,True,False,False,False,True,False,1200
316,18791.svs,True,False,False,False,True,False,1200
317,20141.svs,True,False,False,False,False,False,1200
318,19633.svs,True,False,False,True,True,False,406
319,18487.svs,False,False,True,False,True,False,1200
320,19761.svs,True,False,False,False,False,False,1200
321,19290.svs,True,False,False,False,True,False,1200
322,18528.svs,False,False,True,False,True,False,1200
323,19164.svs,True,False,True,False,True,False,1200
324,19356.svs,True,False,True,False,True,False,708
325,19632.svs,True,False,True,False,True,False,1200
326,19514.svs,True,False,False,False,False,True,1200
327,20327.svs,True,False,True,False,False,False,1200
328,18751.svs,True,False,False,False,False,True,1200
329,18551.svs,True,False,False,False,True,False,1200
330,18566.svs,True,False,False,False,False,True,1200
331,20262.svs,True,False,True,False,True,False,1200
332,18473.svs,True,False,False,False,True,False,1200
333,18933.svs,True,False,True,False,True,False,1200
334,20178.svs,True,False,False,False,False,True,1200
335,18877.svs,True,False,True,False,False,True,1200
336,18702.svs,True,False,False,False,False,False,1200
337,20236.svs,False,False,True,False,False,False,1125
338,19440.svs,True,False,False,False,True,False,1200
339,19335.svs,True,False,True,False,True,False,1200
340,19682.svs,True,False,True,False,True,False,1200
341,19623.svs,True,False,False,False,True,False,1200
342,20216.svs,True,False,True,False,False,True,1037
343,19511.svs,True,False,False,False,False,True,1098
344,18480.svs,True,False,True,False,True,False,1200
345,19435.svs,True,False,False,False,True,False,1200
346,20328.svs,True,False,False,False,True,False,1200
347,18625.svs,False,True,False,False,True,False,1200
348,19392.svs,True,False,True,False,True,False,693
349,18573.svs,True,False,True,False,True,False,1200
350,18658.svs,True,False,True,False,True,False,1200
351,19727.svs,False,False,True,False,True,False,1200
352,19719.svs,True,False,False,False,True,False,1200
353,20190.svs,True,False,False,False,False,False,1192
354,19109.svs,True,False,True,False,True,False,1200
355,19187.svs,True,False,False,False,True,False,537
356,18750.svs,True,False,False,False,False,False,240
357,18589.svs,True,False,False,False,True,False,1200
358,19670.svs,True,False,True,False,True,False,119
359,18913.svs,True,False,False,True,True,False,1200
360,19584.svs,True,False,True,False,True,False,494
361,20306.svs,True,False,False,False,False,False,67
362,19604.svs,True,False,True,False,True,False,885
363,19720.svs,True,False,False,False,True,False,1200
364,20246.svs,False,False,True,False,False,True,1200
365,19333.svs,True,False,False,True,True,False,1200
366,18709.svs,True,False,False,False,False,True,1200
367,19636.svs,True,False,True,False,True,False,1200
368,18769.svs,True,False,False,False,False,True,1200
369,18741.svs,True,False,False,False,False,False,1200
370,19610.svs,True,False,False,False,False,False,1200
371,18688.svs,True,False,True,False,False,True,1200
372,18562.svs,True,False,True,False,True,False,1200
373,19145.svs,True,False,True,False,True,False,1200
374,18781.svs,True,False,False,False,False,False,1200
375,18623.svs,True,False,False,False,False,False,759
376,19406.svs,True,False,True,False,True,False,92
377,19668.svs,True,False,True,False,False,True,344
378,18689.svs,True,False,True,False,True,False,1200
379,20222.svs,True,False,False,False,False,False,659
380,19553.svs,True,False,False,False,True,False,1200
381,19149.svs,True,False,True,False,True,False,407
382,19173.svs,False,False,True,False,True,False,1200
383,19432.svs,True,False,False,False,True,False,1132
384,19345.svs,True,False,False,False,False,False,1200
385,18661.svs,True,False,True,False,True,False,1200
386,19542.svs,True,False,False,False,True,False,690
387,19436.svs,True,False,False,False,True,False,1200
388,19123.svs,True,False,False,False,True,False,499
389,20151.svs,True,False,True,False,True,False,1200
390,19385.svs,True,False,False,False,True,False,1200
391,18704.svs,True,False,True,False,True,False,386
392,19768.svs,True,False,False,False,False,True,1200
393,18789.svs,True,False,False,False,True,False,1200
394,18627.svs,True,False,False,False,True,False,705
395,18738.svs,True,False,False,False,False,False,1200
396,18756.svs,True,False,True,False,True,False,1200
397,19442.svs,True,False,True,False,True,False,1200
398,19354.svs,True,False,True,False,False,False,1200
399,20287.svs,True,False,True,False,True,False,0
400,18615.svs,True,False,True,False,True,False,174
401,19157.svs,True,False,True,False,True,False,1200
402,18479.svs,True,False,False,False,True,False,1200
403,19097.svs,False,True,True,False,True,False,1200
404,18881.svs,True,False,False,False,False,False,1200
405,20283.svs,False,False,True,False,True,False,281
406,18895.svs,True,False,True,False,True,False,292
407,19700.svs,True,False,False,False,True,False,1200
408,18899.svs,True,False,True,False,False,True,347
409,19129.svs,True,False,False,False,True,False,1200
410,19478.svs,True,False,False,False,True,False,1200
411,19473.svs,True,False,True,False,True,False,923
412,19595.svs,True,False,False,False,True,False,1200
413,19535.svs,True,False,False,False,True,False,1200
414,19275.svs,False,False,True,False,False,False,1200
415,19746.svs,True,False,False,False,True,False,11
416,20291.svs,True,False,False,False,True,False,1200
417,19528.svs,True,False,False,False,True,False,1200
418,19452.svs,True,False,False,False,True,False,1200
419,19189.svs,True,False,False,False,True,False,1200
420,20156.svs,True,False,False,False,True,False,1200
421,18629.svs,True,False,False,False,True,False,543
422,19671.svs,True,False,False,False,False,True,719
423,19243.svs,True,False,False,False,False,False,1200
424,18639.svs,True,False,True,False,True,False,1200
425,19340.svs,True,False,False,False,False,True,1200
426,20254.svs,True,False,False,False,False,False,1200
427,19448.svs,True,False,False,False,True,False,1200
428,19269.svs,True,False,False,False,True,False,1200
429,19422.svs,False,False,True,False,True,False,539
430,19703.svs,True,False,True,False,True,False,1200
431,20276.svs,True,False,True,False,True,False,1200
432,20149.svs,True,False,True,False,True,False,1200
433,19736.svs,True,False,False,False,True,False,1200
434,19370.svs,False,False,True,False,True,False,1200
435,19492.svs,True,False,True,False,True,False,465
436,18515.svs,True,False,False,True,True,False,1200
437,19378.svs,True,False,True,False,True,False,1200
438,18657.svs,True,False,True,False,False,False,189
439,19365.svs,True,False,True,False,True,False,159
440,19490.svs,True,False,True,False,False,True,1200
441,20191.svs,True,False,False,False,True,False,1200
442,20241.svs,True,False,False,True,True,False,1200
443,19513.svs,True,False,True,False,True,False,1200
444,19644.svs,True,False,False,False,True,False,3
445,18941.svs,True,False,False,False,True,False,177
446,18587.svs,False,False,True,False,True,False,1189
447,19388.svs,False,False,True,False,True,False,1200
448,19068.svs,False,False,False,True,True,False,1200
449,18533.svs,True,False,False,False,True,False,1200
450,19178.svs,True,False,False,False,True,False,1200
451,19270.svs,True,False,False,False,True,False,1200
452,20275.svs,True,False,False,False,False,False,434
453,18777.svs,True,False,False,False,False,True,1200
454,19429.svs,False,False,False,False,True,False,1200
455,18760.svs,True,False,False,False,True,False,1200
456,19407.svs,True,False,True,False,True,False,915
457,19412.svs,True,False,True,False,True,False,1200
458,18923.svs,False,False,True,False,False,False,1200
459,20213.svs,True,False,True,False,True,False,917
460,20240.svs,True,False,False,False,True,False,1200
461,19862.svs,True,False,False,False,False,False,1200
462,18626.svs,True,False,False,True,True,False,621
463,18925.svs,True,False,False,False,False,True,1200
464,18873.svs,True,False,True,False,True,False,174
465,19651.svs,True,False,True,False,True,False,1200
466,19609.svs,True,False,False,False,True,False,1200
467,18936.svs,True,False,False,False,False,True,1200
468,19755.svs,True,False,False,False,True,False,1200
469,18648.svs,True,False,True,False,True,False,1200
470,20307.svs,True,False,True,False,False,True,1200
471,19376.svs,True,False,False,True,True,False,1200
472,18882.svs,True,False,False,False,True,False,1200
473,19377.svs,False,False,True,False,True,False,1200
474,19821.svs,False,True,True,False,True,False,632
475,18606.svs,True,False,True,False,True,False,252
476,18523.svs,True,False,True,False,True,False,1200
477,18535.svs,False,False,True,False,True,False,1200
478,18940.svs,True,False,False,False,True,False,1200
479,18662.svs,True,False,False,False,False,True,1200
480,19568.svs,True,False,True,False,True,False,24
481,20184.svs,True,False,True,False,False,True,644
482,18946.svs,True,False,False,False,True,False,1200
483,19463.svs,True,False,True,False,True,False,1200
484,20198.svs,True,False,False,True,False,True,1200
485,20203.svs,True,False,False,False,True,False,1200
486,18870.svs,False,False,True,False,False,True,1200
487,19534.svs,True,False,False,False,True,False,1200
488,18633.svs,False,False,True,False,True,False,1200
489,20152.svs,True,False,True,False,True,False,1200
490,18912.svs,True,False,True,False,True,False,1200
491,18529.svs,True,False,False,False,True,False,1200
492,19364.svs,True,False,False,False,True,False,1200
493,18785.svs,True,False,True,False,False,False,1200
494,19239.svs,False,False,True,False,True,False,490
495,19119.svs,True,False,False,False,True,False,1200
496,19562.svs,True,False,True,False,True,False,473
497,19098.svs,True,False,False,False,False,True,1200
498,19285.svs,True,False,False,False,False,False,1200
499,19087.svs,True,False,False,False,True,False,59
500,19540.svs,True,False,False,False,True,False,591
501,20315.svs,True,False,False,False,True,False,1200
502,20288.svs,True,False,False,False,False,False,678
503,19079.svs,True,False,False,False,False,True,687
504,19583.svs,True,False,True,False,True,False,1200
505,18582.svs,True,False,False,False,False,True,1200
506,18517.svs,True,False,False,False,True,False,1200
507,19856.svs,True,False,True,False,True,False,1200
508,19323.svs,True,False,False,False,True,False,1200
509,18755.svs,True,False,True,False,True,False,1200
510,18565.svs,True,False,True,False,False,False,137
511,19698.svs,True,False,True,False,True,False,1041
512,18749.svs,True,False,True,False,True,False,1200
513,19304.svs,False,False,True,False,True,False,1200
514,18742.svs,True,False,True,False,True,False,1200
515,20304.svs,False,True,False,False,False,False,1200
516,20272.svs,False,False,False,False,True,False,1200
517,20196.svs,True,False,True,False,True,False,311
518,18640.svs,True,False,True,False,True,False,1132
519,18935.svs,True,False,True,False,True,False,1200
520,18493.svs,True,False,True,False,True,False,1200
521,19246.svs,False,False,False,True,False,True,1200
522,18526.svs,True,False,False,False,False,False,1200
523,20227.svs,True,False,True,False,True,False,1200
524,19151.svs,True,False,False,False,False,False,1127
525,18798.svs,True,False,False,False,True,False,1200
526,20185.svs,False,False,True,False,True,False,1200
527,18771.svs,True,False,False,False,False,True,1200
528,19659.svs,True,False,False,False,False,False,390
529,20181.svs,True,False,True,False,True,False,1200
530,19183.svs,True,False,False,False,True,False,1200
531,18724.svs,True,False,False,False,False,False,1200
532,19545.svs,True,False,True,False,True,False,1200
533,19666.svs,True,False,True,False,False,False,1200
534,20257.svs,True,False,False,False,False,True,1200
535,19072.svs,True,False,True,False,True,False,1173
536,19065.svs,True,False,True,False,True,False,1200
537,19184.svs,True,False,False,False,False,True,366
538,19245.svs,True,False,False,False,True,False,1200
539,19071.svs,True,False,True,False,True,False,1200
540,19095.svs,True,False,False,False,True,False,1200
541,19318.svs,True,False,True,False,True,False,202
542,18926.svs,True,False,True,False,True,False,87
543,19272.svs,True,False,False,False,False,False,1200
544,19158.svs,True,False,True,False,True,False,932
545,19745.svs,True,False,False,True,True,False,1200
546,20258.svs,True,False,False,False,True,False,1200
547,19559.svs,False,False,True,False,True,False,1122
548,19524.svs,True,False,True,False,True,False,273
549,19617.svs,True,False,False,False,False,True,1200
550,18469.svs,True,False,False,False,True,False,585
551,19505.svs,True,False,True,False,True,False,1200
552,19711.svs,True,False,True,False,True,False,224
553,19748.svs,True,False,False,False,False,True,1200
554,19737.svs,True,False,True,False,True,False,1044
555,20249.svs,False,False,False,True,True,False,1200
556,20145.svs,False,False,True,False,False,True,1200
557,19389.svs,False,False,True,False,False,True,1200
558,19552.svs,True,False,True,False,True,False,690
559,19685.svs,True,False,True,False,True,False,613
560,19497.svs,True,False,False,False,True,False,993
561,18779.svs,True,False,True,False,False,False,1200
562,20269.svs,True,False,True,False,False,False,1200
563,18764.svs,True,False,True,False,True,False,1200
564,19631.svs,True,False,False,False,True,False,1200
565,18539.svs,True,False,True,False,True,False,98
566,19750.svs,True,False,True,False,True,False,1200
567,19137.svs,True,False,True,False,True,False,1200
568,19112.svs,True,False,True,False,False,True,1200
569,20243.svs,True,False,False,False,False,False,573
570,19667.svs,True,False,True,False,True,False,1200
571,18735.svs,True,False,False,False,True,False,1200
572,18483.svs,True,False,False,False,True,False,1200
573,18906.svs,True,False,False,False,True,False,1200
574,20311.svs,True,False,False,False,False,False,1200
575,19815.svs,True,False,True,False,True,False,19
576,19555.svs,True,False,True,False,True,False,1200
577,19860.svs,False,False,True,False,True,False,1200
578,18546.svs,False,False,True,False,True,False,1200
579,19625.svs,True,False,True,False,True,False,212
580,18622.svs,True,False,False,False,False,False,1200
581,19233.svs,True,False,True,False,False,True,1200
582,20138.svs,True,False,True,False,True,False,1200
583,19565.svs,True,False,True,False,True,False,1200
584,20226.svs,True,False,False,False,True,False,1200
585,19431.svs,True,False,False,False,False,False,1200
586,18595.svs,True,False,False,False,True,False,226
587,20305.svs,True,False,False,False,False,False,917
588,20331.svs,True,False,False,False,True,False,561
589,20148.svs,True,False,True,False,True,False,730
590,19819.svs,True,False,True,False,False,False,176
591,18501.svs,True,False,False,True,True,False,555
592,19152.svs,True,False,False,False,True,False,1200
593,20248.svs,True,False,False,False,True,False,227
594,19445.svs,True,False,False,False,False,False,1200
595,19215.svs,True,False,False,False,True,False,1200
596,18894.svs,True,False,True,False,True,False,1200
597,19078.svs,True,False,True,False,True,False,1200
598,19764.svs,True,False,True,False,True,False,1200
599,18868.svs,True,False,True,False,True,False,844
600,19634.svs,True,False,True,False,True,False,1200
601,18713.svs,True,False,False,False,False,False,1200
602,18597.svs,True,False,False,False,True,False,713
603,20266.svs,False,True,False,False,True,False,398
604,19403.svs,True,False,True,False,True,False,1200
605,19127.svs,True,False,True,False,True,False,1200
606,19626.svs,False,False,False,False,True,False,1200
607,18937.svs,True,False,False,False,True,False,1200
608,20153.svs,True,False,True,False,True,False,1200
609,19393.svs,True,False,True,False,True,False,465
610,19738.svs,True,False,True,False,True,False,1160
611,19218.svs,False,False,False,False,True,False,1200
612,18510.svs,True,False,True,False,True,False,1200
613,20280.svs,True,False,False,False,False,False,1200
614,20229.svs,True,False,True,False,False,False,1200
615,18475.svs,False,False,True,False,True,False,1200
616,18545.svs,True,False,True,False,True,False,669
617,19106.svs,True,False,True,False,True,False,1200
618,19249.svs,True,False,True,False,True,False,1036
619,19413.svs,True,False,True,False,True,False,80
620,19488.svs,True,False,False,False,True,False,288
621,20205.svs,True,False,False,True,False,False,1200
622,19831.svs,True,False,False,False,False,False,1200
623,18687.svs,True,False,True,False,False,False,1200
624,18478.svs,True,False,False,False,True,False,1200
625,19197.svs,True,False,False,False,False,False,924
626,19531.svs,False,True,False,False,False,False,1200
627,19656.svs,True,False,True,False,True,False,1200
628,18924.svs,True,False,False,False,True,False,171
629,18905.svs,False,False,True,False,True,False,1200
630,19165.svs,True,False,True,False,True,False,494
631,19196.svs,True,False,False,False,False,False,1200
632,18594.svs,True,False,False,False,False,False,1008
633,19841.svs,True,False,False,False,False,False,1200
634,19857.svs,True,False,False,False,False,False,1200
635,19205.svs,True,False,True,False,True,False,690
636,19343.svs,True,False,True,False,True,False,1124
637,19844.svs,True,False,True,False,True,False,1200
638,19823.svs,True,False,False,False,True,False,142
639,19276.svs,True,False,False,False,False,False,1200
640,19212.svs,True,False,False,False,True,False,1200
641,18692.svs,True,False,False,False,False,False,1200
642,19716.svs,True,False,False,False,True,False,1200
643,20255.svs,False,False,True,False,True,False,1200
644,19606.svs,True,False,True,False,True,False,461
645,19297.svs,True,False,False,False,True,False,1200
646,19222.svs,True,False,False,True,True,False,1200
647,20270.svs,True,False,True,False,True,False,1200
648,19314.svs,True,False,True,False,True,False,218
649,19541.svs,False,False,True,False,True,False,0
650,19536.svs,True,False,False,False,True,False,1200
651,18511.svs,True,False,False,False,True,False,1200
652,19520.svs,True,False,True,False,True,False,1200
653,19231.svs,True,False,False,False,True,False,341
654,19350.svs,True,False,True,False,True,False,1200
655,19649.svs,True,False,True,False,True,False,1013
656,19305.svs,True,False,False,False,True,False,1200
657,20174.svs,True,False,True,False,False,False,163
658,19582.svs,True,False,False,False,True,False,1200
659,18884.svs,True,False,True,False,True,False,254
660,18727.svs,True,False,True,False,True,False,1200
661,20212.svs,True,False,False,False,True,False,1200
662,19859.svs,True,False,True,False,True,False,161
663,19561.svs,True,False,True,False,True,False,631
664,19581.svs,True,False,True,False,True,False,1200
665,19451.svs,True,False,False,False,False,False,1200
666,20193.svs,True,False,True,False,True,False,1200
667,19715.svs,True,False,False,False,True,False,135
668,18786.svs,True,False,False,False,False,False,1200
669,19854.svs,True,False,True,False,True,False,512
670,19387.svs,True,False,False,False,True,False,1200
671,19516.svs,True,False,True,False,True,False,1200
672,18903.svs,True,False,True,False,False,False,1200
673,19225.svs,True,False,True,False,True,False,1037
674,18586.svs,False,False,True,False,True,False,0
675,20180.svs,True,False,False,False,True,False,948
676,18919.svs,True,False,True,False,True,False,1200
677,19317.svs,True,False,True,False,True,False,1200
678,18772.svs,True,False,False,False,False,False,1200
679,19865.svs,True,False,False,False,False,False,1038
680,19327.svs,True,False,False,False,False,False,1200
681,19547.svs,True,False,False,False,True,False,1200
682,18934.svs,True,False,True,False,True,False,1200
683,19256.svs,True,False,False,False,True,False,203
684,18774.svs,True,False,True,False,True,False,1200
685,20169.svs,True,False,False,False,True,False,1200
686,18705.svs,True,False,True,False,True,False,979
687,18470.svs,True,False,False,True,False,False,1200
688,19637.svs,True,False,False,False,True,False,1200
689,20223.svs,True,False,True,False,True,False,1200
690,19146.svs,True,False,False,False,False,False,1200
691,19523.svs,False,False,True,False,False,False,1200
692,19675.svs,True,False,True,False,True,False,1200
693,19762.svs,True,False,False,False,True,False,832
694,19348.svs,True,False,False,False,False,False,1200
695,19160.svs,True,False,True,False,True,False,1200
696,18580.svs,True,False,True,False,True,False,1200
697,18477.svs,True,False,False,False,True,False,1200
698,19148.svs,True,False,True,False,True,False,1200
699,19850.svs,True,False,True,False,True,False,1200
700,20295.svs,True,False,False,False,True,False,338
701,18802.svs,True,False,False,False,False,False,1200
702,19292.svs,True,False,True,False,True,False,1200
703,18590.svs,False,False,False,False,True,False,1200
704,20134.svs,True,False,False,False,True,False,1200
705,20284.svs,True,False,False,False,True,False,1200
706,19283.svs,True,False,True,False,True,False,217
707,19493.svs,True,False,False,False,True,False,1200
708,20164.svs,True,False,False,False,True,False,408
709,20271.svs,True,False,False,False,True,False,1200
710,18559.svs,True,False,False,False,False,False,1200
711,19735.svs,True,False,False,False,True,False,14
712,20317.svs,True,False,False,True,False,False,1200
713,19615.svs,True,False,True,False,False,False,644
714,18532.svs,False,False,True,False,True,False,1200
715,19250.svs,True,False,False,False,True,False,1200
716,18706.svs,True,False,True,False,True,False,968
717,19694.svs,True,False,False,False,True,False,1200
718,19676.svs,True,False,True,False,True,False,1114
719,19614.svs,True,False,True,False,False,False,1200
720,18593.svs,False,False,False,False,True,False,1200
721,20314.svs,True,False,False,False,False,False,1200
722,19726.svs,True,False,True,False,True,False,1200
723,18496.svs,True,False,False,False,False,False,1200
724,19277.svs,True,False,False,False,True,False,1200
725,18690.svs,True,False,False,False,True,False,1200
726,19512.svs,False,False,False,True,False,False,1200
727,19355.svs,True,False,True,False,True,False,1200
728,19597.svs,True,False,True,False,True,False,37
729,18720.svs,True,False,False,False,True,False,1200
730,19381.svs,True,False,True,False,True,False,172
731,19136.svs,True,False,True,False,True,False,1200
732,19734.svs,True,False,True,False,True,False,1200
733,19702.svs,True,False,False,False,True,False,1192
734,18655.svs,True,False,False,False,True,False,1200
735,19139.svs,True,False,False,False,False,False,1200
736,20285.svs,True,False,True,False,False,False,1200
737,18541.svs,True,False,False,False,True,False,1200
738,18651.svs,True,False,False,False,False,False,1200
739,19294.svs,True,False,True,False,True,False,1200
740,19522.svs,True,False,True,False,True,False,1200
741,19382.svs,True,False,True,False,True,False,1200
742,18703.svs,False,False,True,False,True,False,1200
743,20320.svs,True,False,True,False,True,False,1200
744,19613.svs,True,False,True,False,False,False,1200
745,19162.svs,True,False,False,False,True,False,1200
746,20146.svs,False,False,True,False,False,False,1200
747,18519.svs,False,False,True,False,True,False,1131
748,18663.svs,False,False,False,False,False,False,1200
749,19618.svs,True,False,False,False,True,False,1200
750,18484.svs,True,False,False,False,True,False,1200
751,18520.svs,True,False,True,False,True,False,1200
752,18482.svs,True,False,False,False,False,False,879
753,18904.svs,True,False,False,False,True,False,1200
754,18796.svs,True,False,False,False,True,False,1200
755,19363.svs,False,True,True,False,True,False,657
756,18883.svs,True,False,False,False,True,False,1200
757,18492.svs,True,False,True,False,True,False,1200
758,19352.svs,True,False,True,False,True,False,1200
759,20160.svs,True,False,False,False,True,False,1200
760,19652.svs,True,False,False,False,True,False,1200
761,20294.svs,True,False,False,False,True,False,1200
762,18530.svs,True,False,True,False,True,False,1200
763,19546.svs,True,False,True,False,True,False,0
764,19590.svs,True,False,True,False,True,False,1200
765,18729.svs,True,False,True,False,True,False,919
766,18734.svs,True,False,False,False,True,False,1200
767,19498.svs,True,False,True,False,False,False,1200
768,19295.svs,True,False,True,False,True,False,1200
769,19254.svs,False,False,True,False,True,False,1200
770,19527.svs,True,False,False,False,True,False,1200
771,20312.svs,True,False,True,False,True,False,359
772,18728.svs,True,False,True,False,True,False,926
773,19307.svs,True,False,False,False,True,False,1200
774,19398.svs,True,False,False,False,True,False,943
775,19080.svs,False,False,True,False,True,False,968
776,18717.svs,True,False,True,False,True,False,1200
777,19695.svs,True,False,True,False,True,False,1200
778,19274.svs,True,False,True,False,True,False,1162
779,18647.svs,True,False,True,False,True,False,1200
780,18549.svs,True,False,True,False,True,False,702
781,19763.svs,False,False,True,False,True,False,1200
782,19757.svs,False,False,True,False,False,False,1200
783,19325.svs,True,False,False,False,False,False,1200
784,19829.svs,False,False,False,False,True,False,1200
785,18468.svs,True,False,True,False,True,False,1200
786,18574.svs,True,False,True,False,True,False,810
787,19296.svs,True,False,True,False,True,False,1200
788,18788.svs,True,False,True,False,True,False,471
789,19310.svs,True,False,False,False,False,False,1200
790,18768.svs,True,False,False,False,False,False,1200
791,19747.svs,False,False,True,False,False,False,264
792,20250.svs,True,False,False,False,False,False,1200
793,19113.svs,False,False,True,False,False,False,1200
794,19589.svs,False,False,True,False,False,False,1200
795,19544.svs,True,False,False,False,True,False,1156
796,19481.svs,True,False,True,False,False,False,1200
797,18901.svs,True,False,True,False,True,False,124
798,18945.svs,True,False,False,False,True,False,1200
799,19483.svs,False,False,True,False,True,False,1200
800,20162.svs,True,False,True,False,True,False,1200
801,18654.svs,True,False,False,False,True,False,1200
802,19099.svs,True,False,False,False,True,False,1200
803,19660.svs,True,False,True,False,False,False,1200
804,19447.svs,True,False,False,False,True,False,1200
805,19166.svs,True,False,False,False,False,False,229
806,19405.svs,True,False,False,False,True,False,1200
807,18691.svs,True,False,True,False,True,False,1200
808,20274.svs,False,False,True,False,True,False,1200
809,19530.svs,False,False,True,False,False,False,1200
810,19759.svs,True,False,True,False,False,False,1200
811,19124.svs,True,False,True,False,True,False,157
812,18618.svs,True,False,False,True,True,False,1200
813,19195.svs,True,False,False,False,True,False,1200
814,19349.svs,True,False,False,False,True,False,1200
815,20171.svs,True,False,True,False,True,False,93
816,19558.svs,True,False,True,False,True,False,1200
817,19572.svs,False,False,True,False,True,False,1200
818,19628.svs,True,False,False,False,True,False,1200
819,19494.svs,True,False,False,False,True,False,1200
820,20330.svs,True,False,False,False,False,False,1200
821,19308.svs,True,False,True,False,True,False,460
822,19486.svs,False,False,True,False,False,False,1200
823,19566.svs,True,False,False,False,False,False,1200
824,19576.svs,True,False,False,False,True,False,1200
825,18507.svs,True,False,False,False,True,False,92
826,19339.svs,True,False,False,True,False,False,355
827,19394.svs,True,False,False,False,False,False,1200
828,19752.svs,False,False,True,False,True,False,1200
829,19114.svs,True,False,True,False,True,False,1200
830,19117.svs,True,False,False,False,True,False,1200
831,18805.svs,True,False,True,False,False,False,1047
832,18602.svs,True,False,False,False,True,False,1200
833,19556.svs,True,False,True,False,True,False,1200
834,19248.svs,True,False,False,False,True,False,1057
835,19605.svs,True,False,False,False,False,False,1200
836,19638.svs,True,False,True,False,True,False,199
837,19482.svs,False,False,False,False,False,False,1183
838,19163.svs,True,False,False,False,False,False,1200
839,19661.svs,True,False,False,False,False,False,1200
840,18715.svs,True,False,True,False,True,False,1200
841,19742.svs,True,False,True,False,True,False,38
842,18489.svs,True,False,True,False,True,False,228
843,20277.svs,True,False,False,False,True,False,1200
844,19843.svs,True,False,False,True,True,False,1200
845,19491.svs,False,False,True,False,False,False,1200
846,19484.svs,True,False,False,True,True,False,682
847,20214.svs,True,False,True,False,False,False,1200
848,19835.svs,True,False,True,False,False,False,1200
849,19320.svs,True,False,False,False,True,False,1200
850,18872.svs,True,False,False,False,True,False,1200
851,19111.svs,True,False,False,False,True,False,549
852,19161.svs,True,False,False,False,False,False,1200
853,19086.svs,True,False,False,False,True,False,1182
854,19557.svs,False,False,True,False,True,False,585
855,20322.svs,True,False,False,False,True,False,1184
856,20310.svs,True,False,True,False,True,False,845
857,18555.svs,True,False,True,False,True,False,704
858,19309.svs,True,False,True,False,True,False,1200
859,19226.svs,True,False,True,False,True,False,1200
860,19263.svs,True,False,True,False,True,False,741
861,18696.svs,False,False,True,False,False,False,1200
862,18552.svs,True,False,False,False,False,False,1200
863,19329.svs,True,False,True,False,True,False,784
864,18536.svs,True,False,True,False,True,False,1200
865,20206.svs,True,False,False,False,False,False,1200
866,19213.svs,True,False,True,False,True,False,1200
867,20252.svs,True,False,False,False,True,False,1200
868,19427.svs,True,False,False,False,False,False,1200
869,18716.svs,True,False,True,False,False,False,316
870,18799.svs,True,False,False,False,True,False,1200
871,19369.svs,False,True,False,False,True,False,1200
872,18757.svs,True,False,False,False,False,False,1200
873,19383.svs,True,False,True,False,True,False,1200
874,19705.svs,True,False,True,False,True,False,446
875,18560.svs,True,False,True,False,True,False,1200
876,18773.svs,True,False,True,False,True,False,887
877,19729.svs,True,False,False,True,True,False,1200
878,18572.svs,True,False,False,False,True,False,1200
879,19468.svs,True,False,False,False,False,False,1200
880,18939.svs,True,False,True,False,True,False,654
881,19830.svs,True,False,False,False,True,False,1200
882,19227.svs,True,False,False,False,True,False,1200
883,19845.svs,False,False,True,False,True,False,1200
884,19851.svs,True,False,False,False,True,False,1200
885,18908.svs,True,False,True,False,True,False,1165
886,19579.svs,True,False,False,False,False,False,101
887,18537.svs,True,False,True,False,False,False,694
888,19101.svs,True,False,True,False,False,False,433
889,19680.svs,True,False,False,True,True,False,1200
890,19366.svs,False,True,False,False,True,False,1200
891,20228.svs,False,False,True,False,True,False,162
892,18710.svs,True,False,False,False,True,False,1200
893,18524.svs,True,False,True,False,True,False,1200
894,20195.svs,True,False,False,True,True,False,1200
895,19141.svs,True,False,False,False,True,False,1200
896,19384.svs,True,False,False,False,True,False,1200
897,18614.svs,True,False,False,False,True,False,1200
898,19508.svs,True,False,False,False,True,False,1200
899,19495.svs,True,False,False,False,True,False,1200
900,19846.svs,True,False,False,False,True,False,1200
901,18766.svs,True,False,True,False,True,False,1200
902,20167.svs,True,False,False,False,True,False,1200
903,19603.svs,True,False,True,False,True,False,34
904,20199.svs,True,False,True,False,True,False,940
905,18869.svs,True,False,True,False,True,False,1200
906,18591.svs,True,False,False,False,True,False,1200
907,18578.svs,True,False,True,False,True,False,72
908,19074.svs,True,False,False,False,True,False,1200
909,19537.svs,True,False,False,False,False,False,1200
910,19654.svs,True,False,False,False,True,False,1200
911,19102.svs,True,False,True,False,True,False,1131
912,18780.svs,False,False,True,False,True,False,1200
913,19635.svs,True,False,False,False,True,False,1200
914,19624.svs,True,False,False,False,True,False,1200
915,19089.svs,False,False,True,False,True,False,1200
916,19847.svs,True,False,False,False,True,False,1200
917,20332.svs,True,False,False,False,False,False,1200
918,18920.svs,True,False,True,False,True,False,854
919,19425.svs,True,False,False,False,True,False,1200
920,19172.svs,True,False,False,False,True,False,1200
921,20232.svs,False,False,True,False,False,False,1200
922,19849.svs,False,False,True,False,False,False,1200
923,19449.svs,True,False,True,False,True,False,1182
924,18775.svs,True,False,True,False,True,False,1200
925,19135.svs,True,False,False,False,True,False,869
926,18714.svs,True,False,False,False,False,False,1200
927,19818.svs,True,False,False,False,True,False,1200
928,19744.svs,True,False,True,False,True,False,664
929,19853.svs,False,False,True,False,True,False,1200
930,20161.svs,True,False,False,False,True,False,1200
931,20301.svs,True,False,False,False,True,False,1200
932,19242.svs,True,False,False,False,False,False,1200
933,19428.svs,True,False,True,False,True,False,1200
934,20264.svs,True,False,False,False,True,False,431
935,18695.svs,True,False,True,False,True,False,346
936,19096.svs,True,False,False,False,True,False,1200
937,19627.svs,False,False,True,False,False,False,1200
938,19324.svs,True,False,False,False,True,False,1200
939,18609.svs,True,False,True,False,True,False,936
940,18575.svs,False,False,True,False,True,False,510
941,19855.svs,True,False,True,False,True,False,1200
942,19437.svs,True,False,True,False,False,False,1200
943,18557.svs,True,False,False,True,True,False,1200
944,19260.svs,True,False,False,False,True,False,897
945,20166.svs,True,False,True,False,True,False,380
946,20176.svs,True,False,False,False,True,False,1200
947,19433.svs,True,False,False,False,True,False,1200
948,20251.svs,True,False,True,False,True,False,419
949,19359.svs,True,False,True,False,True,False,1200
950,19177.svs,True,False,False,False,True,False,1200
951,18581.svs,True,False,False,False,False,False,1200
952,19717.svs,True,False,False,True,True,False,1200
953,19677.svs,True,False,False,False,False,False,1200
954,18664.svs,True,False,False,False,False,False,1200
955,19083.svs,True,False,False,False,True,False,1200
956,19629.svs,True,False,False,False,False,False,363
957,18540.svs,True,False,False,False,False,False,1200
958,18932.svs,True,False,False,True,True,False,1200
959,19480.svs,True,False,True,False,True,False,1200
960,18564.svs,True,False,False,True,True,False,1200
961,19723.svs,True,False,True,False,True,False,1200
962,19733.svs,True,False,False,False,True,False,1200
963,18917.svs,True,False,True,False,False,False,1200
964,20237.svs,True,False,False,False,True,False,374
965,19453.svs,False,False,True,False,True,False,1200
966,19732.svs,True,False,False,False,False,False,1200
967,18636.svs,True,False,True,False,True,False,1200
968,18915.svs,False,False,False,False,False,False,1200
969,19374.svs,False,False,True,False,True,False,1200
970,19487.svs,True,False,False,True,False,False,1200
971,19232.svs,True,False,False,False,True,False,868
972,19570.svs,True,False,False,False,True,False,1200
973,19462.svs,True,False,False,True,True,False,1200
974,19217.svs,True,False,True,False,True,False,1125
975,19075.svs,True,False,False,False,True,False,1200
976,19322.svs,False,False,True,False,True,False,1200
977,18800.svs,False,False,True,False,False,False,1200
978,19273.svs,True,False,False,False,False,False,1200
979,19607.svs,False,False,True,False,False,False,1094
980,19208.svs,True,False,False,False,False,False,1200
981,19241.svs,True,False,True,False,True,False,1200
982,20183.svs,True,False,True,False,True,False,1200
983,18621.svs,False,False,True,False,True,False,1200
984,20289.svs,True,False,True,False,True,False,1200
985,19421.svs,True,False,False,False,True,False,1200
986,20177.svs,True,False,False,False,True,False,1200
987,20279.svs,False,False,False,False,False,False,1200
988,20168.svs,True,False,False,False,True,False,1200
989,19303.svs,True,False,True,False,False,False,580
990,20158.svs,True,False,False,False,True,False,1200
991,19467.svs,True,False,False,False,True,False,1200
992,19110.svs,True,False,False,False,True,False,1200
993,18730.svs,True,False,False,False,True,False,1200
994,20316.svs,True,False,False,False,False,False,1200
995,18754.svs,True,False,True,False,True,False,1200
996,18737.svs,True,False,False,False,True,False,1200
997,20224.svs,True,False,True,False,True,False,1200
998,20300.svs,True,False,False,False,False,False,1200
999,19100.svs,True,False,False,False,False,False,1200
1000,19709.svs,True,False,False,False,True,False,1200
1001,18474.svs,True,False,True,False,True,False,751
1002,19319.svs,True,False,False,False,True,False,1200
1003,18752.svs,True,False,False,False,False,False,1200
1004,19834.svs,True,False,False,False,False,False,1200
1005,18616.svs,True,False,False,False,True,False,1200
1006,19525.svs,True,False,False,False,False,False,1200
1007,18631.svs,True,False,False,False,True,False,1200
1008,19150.svs,True,False,False,False,False,False,1200
1009,19282.svs,True,False,False,False,True,False,1200
1010,19812.svs,True,False,False,True,False,False,1200
1011,19399.svs,True,False,False,False,True,False,1059
1012,19817.svs,True,False,False,True,True,False,692
1013,19082.svs,True,False,True,False,True,False,31
1014,18916.svs,False,False,False,False,True,False,1200
1015,19229.svs,True,False,False,False,False,False,1200
1016,19344.svs,True,False,True,False,True,False,1200
1017,19658.svs,True,False,False,False,True,False,1200
1018,19842.svs,True,False,False,False,False,False,1200
1019,18467.svs,True,False,True,False,True,False,944
1020,19332.svs,True,False,False,False,False,False,1200
1021,18613.svs,True,False,True,False,True,False,465
1022,18509.svs,True,False,False,False,True,False,1200
1023,20215.svs,True,False,True,False,True,False,1200
1024,19116.svs,True,False,False,False,True,False,1200
1025,19085.svs,True,False,False,False,True,False,1200
1026,18801.svs,True,False,False,False,True,False,1200
1027,18544.svs,True,False,True,False,True,False,1200
1028,18721.svs,True,False,True,False,False,False,1200
1029,19710.svs,True,False,False,False,True,False,1200
1030,19192.svs,True,False,True,False,True,False,1200
1031,18803.svs,True,False,True,False,True,False,1200
1032,18567.svs,True,False,False,False,True,False,1200
1033,20137.svs,True,False,True,False,True,False,1200
1034,19611.svs,True,False,False,False,True,False,613
1035,19439.svs,True,False,False,False,False,False,1200
1036,18887.svs,True,False,True,False,True,False,1200
1037,19621.svs,True,False,True,False,True,False,1200
1038,18748.svs,True,False,True,False,True,False,39
1039,19176.svs,True,False,True,False,True,False,55
1040,19396.svs,False,False,True,False,True,False,1200
1041,18795.svs,True,False,False,False,True,False,1200
1042,19180.svs,True,False,False,False,False,False,1200
1043,19284.svs,True,False,True,False,True,False,1200
1044,18723.svs,True,False,True,False,True,False,75
1045,18930.svs,True,False,False,True,True,False,1200
1046,19375.svs,False,True,True,False,True,False,1200
1047,19271.svs,False,True,False,False,False,False,1200
1048,20172.svs,True,False,True,False,True,False,1200
1049,18472.svs,True,False,True,False,True,False,1200
1050,19108.svs,True,False,True,False,True,False,1200
1051,19706.svs,True,False,True,False,True,False,107
1052,19574.svs,True,False,False,False,True,False,1200
1053,19341.svs,False,False,True,False,True,False,1200
1054,18641.svs,True,False,False,False,True,False,1200
1055,18516.svs,False,False,True,False,True,False,491
1056,19194.svs,True,False,False,False,False,False,1200
1057,19155.svs,False,False,True,False,False,False,1200
1058,19455.svs,True,False,False,False,True,False,576
1059,18656.svs,True,False,False,False,False,False,1200
1060,18660.svs,True,False,False,False,False,False,1018
1061,18486.svs,True,False,True,False,True,False,1200
1062,20204.svs,True,False,False,False,True,False,1200
1063,20290.svs,False,False,True,False,True,False,1200
1064,19337.svs,True,False,True,False,True,False,1200
1065,19502.svs,True,False,False,False,False,False,1102
1066,19765.svs,True,False,False,False,True,False,1200
1067,18624.svs,True,False,False,True,True,False,1200
1068,18787.svs,False,False,True,False,True,False,1200
1069,20268.svs,True,False,True,False,True,False,1200
1070,19563.svs,False,False,False,True,True,False,271
1071,19081.svs,True,False,True,False,True,False,1200
1072,19662.svs,True,False,False,False,False,False,1200
1073,20218.svs,True,False,True,False,True,False,1200
1074,18527.svs,True,False,True,False,False,False,1200
1075,18806.svs,True,False,False,False,False,False,1200
1076,18488.svs,False,False,True,False,True,False,1200
1077,19587.svs,True,False,False,False,False,False,1200
1078,18585.svs,True,False,False,False,True,False,1200
1079,18736.svs,True,False,False,False,False,False,1200
1080,19380.svs,True,False,False,False,True,False,1200
1081,18522.svs,True,False,False,False,True,False,1200
1082,19816.svs,True,False,True,False,True,False,1200
1083,19532.svs,True,False,True,False,True,False,1200
1084,18697.svs,True,False,True,False,True,False,1124
1085,19640.svs,True,False,False,False,True,False,455
1086,19203.svs,True,False,False,False,False,False,1200
1087,20143.svs,True,False,False,False,True,False,1200
1088,20247.svs,True,False,True,False,True,False,1097
1089,20173.svs,True,False,True,False,True,False,1200
1090,19326.svs,True,False,True,False,True,False,1200
1091,18722.svs,False,False,True,False,True,False,1200
1092,18944.svs,True,False,False,False,False,False,1200
1093,19219.svs,True,False,True,False,True,False,837
1094,19140.svs,True,False,False,False,False,False,1200
1095,18605.svs,True,False,False,False,True,False,948
1096,19408.svs,True,False,True,False,True,False,1200
1097,20313.svs,True,False,True,False,True,False,182
1098,19639.svs,True,False,False,False,False,False,1200
1099,19864.svs,True,False,True,False,True,False,112
1100,19500.svs,True,False,False,False,True,False,1200
1101,20297.svs,True,False,True,False,True,False,1200
1102,19338.svs,True,False,False,False,True,False,1200
1103,19592.svs,True,False,False,False,False,False,88
1104,18888.svs,True,False,True,False,True,False,1200
1105,19596.svs,True,False,False,False,True,False,1200
1106,19538.svs,True,False,False,False,False,False,1200
1107,19674.svs,True,False,True,False,True,False,1200
1108,18929.svs,True,False,False,False,False,False,1200
1109,18505.svs,True,False,False,False,False,False,1200
1110,20163.svs,True,False,False,False,True,False,1200
1111,20323.svs,True,False,True,False,True,False,1200
1112,19143.svs,True,False,False,True,True,False,523
1113,19306.svs,True,False,True,False,True,False,1200
1114,19741.svs,True,False,False,False,True,False,1200
1115,20207.svs,True,False,True,False,True,False,1200
1116,19291.svs,True,False,False,False,True,False,1200
1117,19415.svs,True,False,True,False,True,False,1200
1118,20140.svs,True,False,False,False,True,False,987
1119,20186.svs,True,False,False,False,True,False,1200
1120,18686.svs,False,False,False,False,True,False,1200
1121,19181.svs,True,False,False,False,False,False,1200
1122,19510.svs,True,False,True,False,True,False,422
1123,18610.svs,True,False,False,False,False,False,1200
1124,18611.svs,True,False,True,False,False,False,1200
1125,18630.svs,True,False,False,False,True,False,1200
1126,20273.svs,False,True,False,False,True,False,1200
1127,18570.svs,True,False,False,False,True,False,1200
1128,19358.svs,True,False,False,False,False,False,1200
1129,19461.svs,True,False,True,False,True,False,1200
1130,18620.svs,True,False,True,False,True,False,1200
1131,18739.svs,True,False,False,False,True,False,527
1132,19601.svs,True,False,False,False,False,False,1109
1133,19466.svs,True,False,True,False,True,False,69
1134,20210.svs,True,False,True,False,True,False,30
1135,19867.svs,True,False,False,False,False,False,1200
1136,18617.svs,True,False,False,False,True,False,1200
1137,18548.svs,True,False,True,False,True,False,1200
1138,19064.svs,False,False,False,False,True,False,1200
1139,18579.svs,True,False,False,False,True,False,1200
1140,18554.svs,True,False,False,False,True,False,1200
1141,19266.svs,True,False,False,False,False,False,1200
1142,20242.svs,True,False,False,False,True,False,1200
1143,18893.svs,True,False,True,False,True,False,176
1144,18921.svs,True,False,True,False,True,False,717
1145,19458.svs,True,False,False,True,False,False,1200
1146,19616.svs,True,False,True,False,False,False,1200
1147,19724.svs,False,False,True,False,True,False,1200
1148,18726.svs,False,False,True,False,False,False,1200
1149,18761.svs,True,False,True,False,True,False,572
1150,18588.svs,True,False,False,False,True,False,1200
1151,19655.svs,False,False,True,False,True,False,1200
1152,19414.svs,True,False,False,False,False,False,1200
1153,19600.svs,True,False,True,False,True,False,134
1154,20261.svs,True,False,True,False,True,False,1200
1155,19619.svs,True,False,False,False,False,False,1200
1156,19401.svs,False,False,True,False,True,False,1200
1157,18619.svs,True,False,True,False,True,False,1200
1158,20299.svs,True,False,False,True,False,False,1133
1159,18471.svs,False,False,True,False,False,False,372
1160,19683.svs,True,False,True,False,True,False,345
1161,19684.svs,True,False,True,False,True,False,1045
1162,19267.svs,True,False,False,False,True,False,1200
1163,19128.svs,True,False,False,False,False,False,1000
1164,19826.svs,True,False,False,False,True,False,1200
1165,19288.svs,True,False,True,False,True,False,908
1166,18875.svs,True,False,False,False,False,False,1200
1167,19236.svs,True,False,False,False,False,False,1200
1168,19416.svs,True,False,False,False,True,False,1200
1169,20221.svs,True,False,False,False,False,False,1200
1170,18701.svs,True,False,False,False,True,False,1200
1171,19174.svs,True,False,False,False,True,False,1200
1172,20318.svs,True,False,False,False,True,False,855
1173,18521.svs,True,False,True,False,True,False,1200
1174,19569.svs,True,False,True,False,True,False,1200
1175,18732.svs,True,False,False,False,False,False,1200
1176,19526.svs,False,False,True,False,True,False,1200
1177,19316.svs,True,False,True,False,True,False,563
1178,19753.svs,True,False,False,False,True,False,236
1179,18942.svs,False,False,True,False,True,False,1200
1180,18584.svs,True,False,False,False,False,False,1200
1181,19353.svs,True,False,False,False,True,False,685
1182,20208.svs,False,False,True,False,True,False,1200
1183,20231.svs,True,False,True,False,False,False,1200
1184,19423.svs,True,False,False,False,False,False,1200
1185,18909.svs,False,False,True,False,True,False,1198
1186,18646.svs,True,False,True,False,True,False,0
1187,19185.svs,True,False,False,True,True,False,1200
1188,18644.svs,False,True,False,False,True,False,1200
1189,20165.svs,True,False,True,False,True,False,1200
1190,19588.svs,True,False,True,False,True,False,1200
1191,19813.svs,True,False,False,False,True,False,1200
1192,18765.svs,True,False,False,False,False,False,1200
1193,19171.svs,False,False,False,False,True,False,1200
1194,18762.svs,True,False,False,False,True,False,1200
1195,20192.svs,False,False,True,False,True,False,1200
1196,19866.svs,True,False,False,False,True,False,1200
1197,20201.svs,True,False,False,False,False,False,1105
1198,19767.svs,True,False,False,False,True,False,1200
1199,19315.svs,True,False,True,False,False,False,1094
1200,19167.svs,True,False,False,False,True,False,1200
1201,19259.svs,True,False,True,False,True,False,1200
1202,20189.svs,True,False,False,False,True,False,1200
1203,19690.svs,True,False,True,False,True,False,116
1204,19499.svs,False,False,True,False,True,False,1200
1205,19714.svs,True,False,False,False,True,False,0
1206,18502.svs,True,False,False,False,True,False,1200
1207,19446.svs,True,False,False,False,True,False,1200
1208,19669.svs,False,False,False,True,False,False,1200
1209,18910.svs,True,False,False,False,True,False,1200
1210,19828.svs,True,False,True,False,True,False,1200
1211,19549.svs,True,False,False,False,True,False,1200
1212,19833.svs,True,False,True,False,False,False,1200
1213,19474.svs,True,False,True,False,True,False,1200
1214,18902.svs,True,False,False,False,True,False,1200
1215,18628.svs,True,False,True,False,True,False,1044
1216,18634.svs,True,False,True,False,True,False,0
1217,18783.svs,True,False,False,False,True,False,1200
1218,19602.svs,True,False,True,False,True,False,1052
1219,19070.svs,True,False,True,False,True,False,1200
1220,18784.svs,True,False,False,False,False,False,1200
1221,19693.svs,False,False,True,False,True,False,1200
1222,19642.svs,True,False,True,False,True,False,1200
1223,19188.svs,True,False,True,False,True,False,1200
1224,19386.svs,True,False,True,False,True,False,1200
1225,19211.svs,True,False,True,False,True,False,1200
1226,18495.svs,True,False,False,False,True,False,1200
1227,18792.svs,True,False,True,False,True,False,738
1228,19599.svs,True,False,True,False,False,False,1200
1229,20256.svs,True,False,False,False,True,False,221
1230,20150.svs,True,False,True,False,False,False,1200
1231,18745.svs,True,False,True,False,True,False,1200
1232,19681.svs,False,False,True,False,True,False,1200
1233,19279.svs,True,False,True,False,True,False,1200
1234,19153.svs,True,False,False,False,True,False,1200
1235,18571.svs,True,False,False,False,False,False,373
1236,18879.svs,True,False,True,False,True,False,835
1237,20220.svs,True,False,True,False,True,False,29
1238,18699.svs,True,False,True,False,True,False,1200
1239,18778.svs,True,False,True,False,True,False,1200
1240,18592.svs,True,False,True,False,True,False,165
1241,19444.svs,True,False,False,False,False,False,1200
1242,19104.svs,True,False,True,False,True,False,1200
1243,19441.svs,True,False,False,False,True,False,634
1244,20202.svs,True,False,True,False,True,False,663
1245,19417.svs,True,False,True,False,True,False,772
1246,18693.svs,True,False,False,False,False,False,1200
1247,19190.svs,True,False,True,False,True,False,1200
1248,19336.svs,False,True,True,False,False,False,1200
1249,19469.svs,True,False,False,False,False,False,1200
1250,19286.svs,True,False,False,False,True,False,1200
1251,18490.svs,True,False,True,False,True,False,1200
1252,19450.svs,True,False,True,False,False,False,1200
1253,18804.svs,True,False,False,False,False,False,1160
1254,19567.svs,True,False,False,False,True,False,1200
1255,18504.svs,True,False,False,False,True,False,1200
1256,19252.svs,True,False,True,False,True,False,305
1257,18747.svs,True,False,False,False,False,False,504
1258,18900.svs,True,False,True,False,True,False,683
1259,19169.svs,True,False,False,False,True,False,981
1260,20133.svs,True,False,False,False,True,False,1200
1261,19678.svs,True,False,True,False,True,False,166
1262,18485.svs,True,False,False,False,True,False,1200
1263,18556.svs,True,False,True,False,True,False,1200
1264,19838.svs,True,False,True,False,True,False,1200
1265,18543.svs,True,False,True,False,True,False,1200
1266,20293.svs,False,False,True,False,True,False,1200
1267,18907.svs,True,False,False,False,False,False,1200
1268,19832.svs,True,False,True,False,True,False,1200
1269,19739.svs,True,False,True,False,True,False,1099
1270,20225.svs,True,False,True,False,True,False,738
1271,18561.svs,True,False,False,False,True,False,1200
1272,18938.svs,True,False,False,False,True,False,1200
1273,20281.svs,True,False,True,False,True,False,1200
1274,19504.svs,True,False,False,False,True,False,1200
1275,19704.svs,True,False,True,False,True,False,1200
1276,18500.svs,True,False,False,True,True,False,1200
1277,19391.svs,False,False,True,False,True,False,1200
1278,18518.svs,True,False,False,False,True,False,1200
1279,19300.svs,False,False,True,False,True,False,1200
1280,19330.svs,True,False,False,False,False,False,1200
1281,19281.svs,True,False,True,False,True,False,1200
1282,19593.svs,True,False,False,False,True,False,1200
1283,19247.svs,True,False,False,True,True,False,786
1284,18635.svs,True,False,True,False,True,False,1200
1285,18513.svs,True,False,True,False,True,False,1200
1286,20296.svs,True,False,True,False,True,False,1200
1287,18698.svs,True,False,True,False,True,False,706
1288,18508.svs,True,False,False,False,True,False,1200
1289,19090.svs,True,False,False,False,True,False,1200
1290,18583.svs,True,False,False,False,False,False,1200
1291,18725.svs,True,False,False,False,True,False,1200
